{
    "name": "Pinarpraja",
    "short_name": "pinarpraja",
    "theme_color": "#aaa",
    "background_color": "#aaa",
    "display": "standalone",
    "orientation": "portrait",
    "scope": "/",
    "start_url": "/",
    "icons": [
        {
            "src": "/icons/android-chrome-192x192.png",
            "sizes": "192x192",
            "type": "image/png"
        },
        {
            "src": "/icons/android-chrome-512x512.png",
            "sizes": "512x512",
            "type": "image/png"
        }
    ]
}