{
    "name": "Cherio",
    "short_name": "Cherio",
    "background_color": "#ffffff",
    "theme_color": "#ff8303",
    "display": "standalone",
    "orientation": "portrait",
    "scope": "/",
    "start_url": "/",
    "icons": [
        {
            "src": "/icons/192x192.png",
            "sizes": "192x192",
            "type": "image/png"
        },
        {
            "src": "/icons/512x512.png",
            "sizes": "512x512",
            "type": "image/png"
        }
    ]
}